depth,move number,Going First,Minimax Bot time to Make Move,Winner
5,1,0,8.891818761825562,
5,2,0,5.000756025314331,
5,3,0,1.733109474182129,
5,4,0,3.7890002727508545,
5,5,0,0.8839998245239258,
5,6,0,0.6480000019073486,X
5,1,0,8.921058177947998,
5,2,0,3.0289998054504395,
5,3,0,1.818000316619873,
5,4,0,2.685999870300293,
5,5,0,1.5245211124420166,
5,6,0,0.7019991874694824,
5,7,0,0.4810006618499756,X
5,1,0,8.894011974334717,
5,2,0,4.834571361541748,
5,3,0,2.164510488510132,
5,4,0,1.0319998264312744,
5,5,0,1.0750000476837158,
5,6,0,0.627000093460083,
5,7,0,0.40399980545043945,X
5,1,0,8.80402398109436,
5,2,0,4.758000135421753,
5,3,0,1.7330002784729004,
5,4,0,2.9170126914978027,
5,5,0,1.1140117645263672,
5,6,0,0.44900035858154297,
5,7,0,0.31800007820129395,X
5,1,0,8.903043985366821,
5,2,0,3.0689988136291504,
5,3,0,1.7695205211639404,
5,4,0,1.6710357666015625,
5,5,0,1.3130111694335938,
5,6,0,0.5879998207092285,X
5,1,0,8.862777709960938,
5,2,0,2.7668426036834717,
5,3,0,1.6080007553100586,
5,4,0,3.790529251098633,
5,5,0,1.5980117321014404,
5,6,0,0.571998119354248,
5,7,0,0.48200011253356934,
5,8,0,0.23000049591064453,
5,9,0,0.09299945831298828,X
5,1,0,8.86609697341919,
5,2,0,3.0670108795166016,
5,3,0,2.503513813018799,
5,4,0,4.165998220443726,
5,5,0,1.3360011577606201,
5,6,0,0.5790004730224609,X
5,1,0,8.891032218933105,
5,2,0,6.815148830413818,
5,3,0,2.8169994354248047,
5,4,0,1.2960002422332764,
5,5,0,1.0049998760223389,
5,6,0,0.5640003681182861,
5,7,0,0.3450002670288086,
5,8,0,0.14399981498718262,X
5,1,0,8.892013311386108,
5,2,0,4.9600019454956055,
5,3,0,1.6719975471496582,
5,4,0,1.9320240020751953,
5,5,0,1.1818628311157227,
5,6,0,0.8619997501373291,
5,7,0,0.38300037384033203,
5,8,0,0.2219998836517334,
5,9,0,0.09400081634521484,X
5,1,0,8.934564352035522,
5,2,0,2.8260233402252197,
5,3,0,1.6245219707489014,
5,4,0,3.555000066757202,
5,5,0,1.7079999446868896,
5,6,0,1.0920002460479736,
5,7,0,0.5749998092651367,
5,8,0,0.20299983024597168,X
5,1,0,8.860511779785156,
5,2,0,4.468564510345459,
5,3,0,1.4220099449157715,
5,4,0,1.3980002403259277,
5,5,0,2.168022394180298,
5,6,0,0.6860010623931885,X
5,1,0,8.810067176818848,
5,2,0,2.6800220012664795,
5,3,0,1.6260244846343994,
5,4,0,2.6890337467193604,
5,5,0,1.330012321472168,
5,6,0,0.5869994163513184,X
5,1,0,8.872021436691284,
5,2,0,2.8239996433258057,
5,3,0,1.6095178127288818,
5,4,0,4.2230119705200195,
5,5,0,1.442023515701294,
5,6,0,0.8339989185333252,
5,7,0,0.3299999237060547,X
5,1,0,8.911579847335815,
5,2,0,4.986046314239502,
5,3,0,2.2079999446868896,
5,4,0,1.119999885559082,
5,5,0,1.5689997673034668,
5,6,0,0.6659998893737793,X
5,1,0,8.905569076538086,
5,2,0,3.082035779953003,
5,3,0,3.3695180416107178,
5,4,0,1.1869990825653076,
5,5,0,1.8090407848358154,
5,6,0,1.1710376739501953,
5,7,0,0.37301111221313477,
5,8,0,0.28099989891052246,X
5,1,0,8.903108596801758,
5,2,0,4.9180450439453125,
5,3,0,4.346021890640259,
5,4,0,4.062023639678955,
5,5,0,1.2669994831085205,
5,6,0,1.0120124816894531,X
5,1,0,8.863584995269775,
5,2,0,4.753059148788452,
5,3,0,1.5410001277923584,
5,4,0,2.8775296211242676,
5,5,0,2.4960105419158936,
5,6,0,0.6619999408721924,
5,7,0,0.5425188541412354,
5,8,0,0.2970004081726074,X
5,1,0,8.780047416687012,
5,2,0,2.9190120697021484,
5,3,0,1.6385178565979004,
5,4,0,2.425999164581299,
5,5,0,1.4010159969329834,
5,6,0,0.5875155925750732,X
5,1,0,8.834015607833862,
5,2,0,3.077000617980957,
5,3,0,1.5939996242523193,
5,4,0,3.297001838684082,
5,5,0,1.7629992961883545,
5,6,0,0.6300005912780762,X
5,1,0,8.906041145324707,
5,2,0,3.0900092124938965,
5,3,0,1.63053297996521,
5,4,0,2.066011667251587,
5,5,0,0.8540000915527344,
5,6,0,0.620011568069458,X
5,1,0,8.90206265449524,
5,2,0,5.005539894104004,
5,3,0,1.7549998760223389,
5,4,0,2.6130003929138184,
5,5,0,1.6519997119903564,
5,6,0,0.7160000801086426,X
5,1,0,8.811071395874023,
5,2,0,6.767095565795898,
5,3,0,1.9445531368255615,
5,4,0,4.5080835819244385,
5,5,0,1.5850107669830322,
5,6,0,0.7230117321014404,X
5,1,0,8.936649560928345,
5,2,0,4.889026165008545,
5,3,0,1.6440105438232422,
5,4,0,3.148023843765259,
5,5,0,1.440000295639038,
5,6,0,0.8280115127563477,
5,7,0,0.4660005569458008,
5,8,0,0.22699904441833496,X
5,1,0,8.817062854766846,
5,2,0,2.9169981479644775,
5,3,0,1.627000331878662,
5,4,0,1.9300220012664795,
5,5,0,0.9029998779296875,
5,6,0,0.9650313854217529,
5,7,0,0.38700079917907715,
5,8,0,0.2479994297027588,
5,9,0,0.1100001335144043,
5,10,0,0.0429997444152832,X
5,1,0,8.838156700134277,
5,2,0,3.010000705718994,
5,3,0,1.5889983177185059,
5,4,0,4.920060873031616,
5,5,0,1.9370100498199463,
5,6,0,0.5400118827819824,
5,7,0,0.3579998016357422,
5,8,0,0.20300006866455078,X
5,1,0,8.903098344802856,
5,2,0,3.2510247230529785,
5,3,0,1.750011682510376,
5,4,0,1.2049989700317383,
5,5,0,1.750011920928955,
5,6,0,1.4260003566741943,
5,7,0,0.3319997787475586,X
5,1,0,8.815011739730835,
5,2,0,4.994034290313721,
5,3,0,1.6509995460510254,
5,4,0,4.067010164260864,
5,5,0,1.4229998588562012,
5,6,0,0.8080000877380371,
5,7,0,0.4010000228881836,X
5,1,0,8.948520421981812,
5,2,0,3.0400092601776123,
5,3,0,1.5770001411437988,
5,4,0,2.995000123977661,
5,5,0,2.1490726470947266,
5,6,0,0.7059996128082275,
5,7,0,0.5060365200042725,X
5,1,0,8.891635656356812,
5,2,0,2.8700222969055176,
5,3,0,1.465510606765747,
5,4,0,3.5230002403259277,
5,5,0,1.8010001182556152,
5,6,0,0.9380002021789551,
5,7,0,0.490999698638916,
5,8,0,0.20600008964538574,X
5,1,0,8.84951138496399,
5,2,0,3.477999687194824,
5,3,0,1.9030025005340576,
5,4,0,2.3010220527648926,
5,5,0,1.0130119323730469,
5,6,0,0.5049993991851807,
5,7,0,0.5340003967285156,
5,8,0,0.2949998378753662,X
5,1,0,8.873032093048096,
5,2,0,3.0510237216949463,
5,3,0,1.7841250896453857,
5,4,0,3.098372220993042,
5,5,0,1.8460001945495605,
5,6,0,0.687999963760376,X
5,1,0,8.900563478469849,
5,2,0,3.0510101318359375,
5,3,0,1.6780154705047607,
5,4,0,2.174011468887329,
5,5,0,1.3300116062164307,
5,6,0,0.8570003509521484,
5,7,0,0.2909998893737793,X
5,1,0,8.955069780349731,
5,2,0,3.0955538749694824,
5,3,0,2.236520290374756,
5,4,0,1.2149999141693115,
5,5,0,0.7390005588531494,
5,6,0,0.5000002384185791,X
5,1,0,8.90457558631897,
5,2,0,2.906996726989746,
5,3,0,1.402024269104004,
5,4,0,1.246999740600586,
5,5,0,1.6450114250183105,
5,6,0,0.5399999618530273,
5,7,0,0.5150001049041748,X
5,1,0,8.857021808624268,
5,2,0,3.5065314769744873,
5,3,0,1.7310011386871338,
5,4,0,2.5190107822418213,
5,5,0,1.2049999237060547,
5,6,0,0.7009999752044678,
5,7,0,0.3710000514984131,X
5,1,0,8.912567138671875,
5,2,0,4.523511171340942,
5,3,0,1.8300001621246338,
5,4,0,3.442533254623413,
5,5,0,1.2750003337860107,
5,6,0,0.625,
5,7,0,0.26999998092651367,
5,8,0,0.2200000286102295,X
5,1,0,8.931536674499512,
5,2,0,3.0605342388153076,
5,3,0,2.4149999618530273,
5,4,0,4.181012868881226,
5,5,0,0.9779994487762451,
5,6,0,0.48599982261657715,X
5,1,0,8.910011768341064,
5,2,0,4.9770684242248535,
5,3,0,1.7625539302825928,
5,4,0,1.1720004081726074,
5,5,0,0.8919999599456787,
5,6,0,0.6269996166229248,
5,7,0,0.2820000648498535,X
5,1,0,8.915059566497803,
5,2,0,2.7020225524902344,
5,3,0,1.5449998378753662,
5,4,0,2.2740118503570557,
5,5,0,1.4615185260772705,
5,6,0,0.5590090751647949,X
5,1,0,8.915022850036621,
5,2,0,3.0900001525878906,
5,3,0,1.7775464057922363,
5,4,0,1.1775200366973877,
5,5,0,1.3440008163452148,
5,6,0,0.5460000038146973,X
5,1,0,8.91454291343689,
5,2,0,3.1040101051330566,
5,3,0,1.5920000076293945,
5,4,0,3.1549997329711914,
5,5,0,1.6120002269744873,
5,6,0,0.5130000114440918,
5,7,0,0.38700008392333984,
5,8,0,0.17999982833862305,X
5,1,0,8.909083366394043,
5,2,0,4.876021862030029,
5,3,0,1.6650118827819824,
5,4,0,4.328023195266724,
5,5,0,0.9400002956390381,
5,6,0,0.6870110034942627,
5,7,0,0.30899858474731445,X
5,1,0,8.920533657073975,
5,2,0,4.95799994468689,
5,3,0,2.734999895095825,
5,4,0,3.328000068664551,
5,5,0,0.8990001678466797,
5,6,0,0.5680215358734131,X
5,1,0,8.835047006607056,
5,2,0,4.938001394271851,
5,3,0,1.6480233669281006,
5,4,0,4.587012052536011,
5,5,0,2.4320335388183594,
5,6,0,0.9460124969482422,
5,7,0,0.531010627746582,
5,8,0,0.26000046730041504,X
5,1,0,8.897089719772339,
5,2,0,4.95503044128418,
5,3,0,1.9139997959136963,
5,4,0,1.2360000610351562,
5,5,0,1.1600000858306885,
5,6,0,1.1610000133514404,
5,7,0,0.41300010681152344,
5,8,0,0.2109997272491455,X
5,1,0,8.882572174072266,
5,2,0,4.90205717086792,
5,3,0,4.33608341217041,
5,4,0,2.709749221801758,
5,5,0,1.6050465106964111,
5,6,0,1.172001600265503,
5,7,0,0.40400004386901855,X
5,1,0,8.888553380966187,
5,2,0,3.0570223331451416,
5,3,0,1.8700237274169922,
5,4,0,3.8510119915008545,
5,5,0,1.0299994945526123,
5,6,0,0.5490119457244873,
5,7,0,0.3529994487762451,
5,8,0,0.18200063705444336,X
5,1,0,8.951093673706055,
5,2,0,2.9500794410705566,
5,3,0,1.7110114097595215,
5,4,0,2.5840110778808594,
5,5,0,1.1310105323791504,
5,6,0,0.7295200824737549,X
5,1,0,8.862542390823364,
5,2,0,2.8099985122680664,
5,3,0,1.5719997882843018,
5,4,0,3.4015440940856934,
5,5,0,1.7120003700256348,
5,6,0,1.085021734237671,
5,7,0,0.5720126628875732,
5,8,0,0.20300030708312988,X
5,1,0,8.907293319702148,
5,2,0,2.7090001106262207,
5,3,0,1.5830442905426025,
5,4,0,5.322054624557495,
5,5,0,2.42501163482666,
5,6,0,0.8580009937286377,
5,7,0,0.39901041984558105,
5,8,0,0.19700074195861816,X
5,1,0,8.901561260223389,
5,2,0,2.954000473022461,
5,3,0,1.5690226554870605,
5,4,0,2.512521266937256,
5,5,0,1.3939995765686035,
5,6,0,0.8940000534057617,
5,7,0,0.31999969482421875,X
5,1,0,8.911010026931763,
5,2,0,4.86600136756897,
5,3,0,1.6485533714294434,
5,4,0,3.713942766189575,
5,5,0,1.2930114269256592,
5,6,0,0.8160226345062256,
5,7,0,0.5189993381500244,
5,8,0,0.23600053787231445,
5,9,0,0.13899993896484375,
5,10,0,0.04999995231628418,
5,11,0,0.012999534606933594,X
5,1,0,8.859056234359741,
5,2,0,2.9355335235595703,
5,3,0,1.7420110702514648,
5,4,0,4.232999324798584,
5,5,0,0.7809994220733643,
5,6,0,1.1130001544952393,
5,7,0,0.5060007572174072,X
5,1,0,8.873033285140991,
5,2,0,3.09104585647583,
5,3,0,3.3700003623962402,
5,4,0,1.2200126647949219,
5,5,0,1.383000373840332,
5,6,0,0.5119988918304443,X
5,1,0,8.93957781791687,
5,2,0,2.882999897003174,
5,3,0,1.5665185451507568,
5,4,0,2.882011651992798,
5,5,0,1.5080008506774902,
5,6,0,0.6080002784729004,X
5,1,0,8.949532985687256,
5,2,0,4.9590559005737305,
5,3,0,1.6540002822875977,
5,4,0,3.706024646759033,
5,5,0,1.4290120601654053,
5,6,0,0.6179993152618408,X
5,1,0,8.948588132858276,
5,2,0,3.085000514984131,
5,3,0,2.739508628845215,
5,4,0,4.123000144958496,
5,5,0,2.1420023441314697,
5,6,0,0.6909997463226318,
5,7,0,0.5489993095397949,X
5,1,0,8.923021078109741,
5,2,0,2.948023557662964,
5,3,0,1.7440001964569092,
5,4,0,5.005510568618774,
5,5,0,2.747001886367798,
5,6,0,0.7970108985900879,
5,7,0,0.3620009422302246,X
5,1,0,8.903068780899048,
5,2,0,4.821034908294678,
5,3,0,2.637023448944092,
5,4,0,3.6920340061187744,
5,5,0,2.167999505996704,
5,6,0,0.7180352210998535,
5,7,0,0.3410015106201172,
5,8,0,0.20499849319458008,
5,9,0,0.08800005912780762,X
5,1,0,8.881541967391968,
5,2,0,2.9619998931884766,
5,3,0,1.6590001583099365,
5,4,0,2.5829999446868896,
5,5,0,1.236999750137329,
5,6,0,0.8025131225585938,X
5,1,0,8.879039287567139,
5,2,0,4.951997756958008,
5,3,0,1.9240002632141113,
5,4,0,1.1695127487182617,
5,5,0,1.0930001735687256,
5,6,0,0.6540000438690186,
5,7,0,0.4440000057220459,X
5,1,0,8.871058464050293,
5,2,0,3.0590124130249023,
5,3,0,1.6229987144470215,
5,4,0,3.520984649658203,
5,5,0,1.4519996643066406,
5,6,0,1.0800116062164307,
5,7,0,0.6200001239776611,
5,8,0,0.19000005722045898,X
5,1,0,8.881998300552368,
5,2,0,2.9630000591278076,
5,3,0,1.6039998531341553,
5,4,0,2.263000249862671,
5,5,0,0.8889999389648438,
5,6,0,0.5679998397827148,X
5,1,0,8.942617654800415,
5,2,0,4.950550317764282,
5,3,0,2.500999689102173,
5,4,0,2.94401216506958,
5,5,0,1.5830104351043701,
5,6,0,0.6730000972747803,
5,7,0,0.5520005226135254,
5,8,0,0.22099947929382324,
5,9,0,0.10100102424621582,
5,10,0,0.06299924850463867,X
5,1,0,8.902141571044922,
5,2,0,4.961051940917969,
5,3,0,1.611518383026123,
5,4,0,4.587046146392822,
5,5,0,1.357999563217163,
5,6,0,0.5870001316070557,X
5,1,0,8.963000297546387,
5,2,0,3.097554922103882,
5,3,0,2.450009346008301,
5,4,0,2.2109997272491455,
5,5,0,1.0789997577667236,
5,6,0,0.945000410079956,
5,7,0,0.28299999237060547,X
5,1,0,8.897035121917725,
5,2,0,4.978552579879761,
5,3,0,1.6119999885559082,
5,4,0,4.0545549392700195,
5,5,0,0.8810117244720459,
5,6,0,0.5650014877319336,
5,7,0,0.2889986038208008,X
5,1,0,8.974121570587158,
5,2,0,3.0425102710723877,
5,3,0,1.7090001106262207,
5,4,0,5.23653507232666,
5,5,0,1.1760001182556152,
5,6,0,1.005000114440918,
5,7,0,0.39799976348876953,
5,8,0,0.20099997520446777,X
5,1,0,8.899511337280273,
5,2,0,5.050023794174194,
5,3,0,1.6629998683929443,
5,4,0,3.7505245208740234,
5,5,0,1.597010850906372,
5,6,0,0.7380001544952393,
5,7,0,0.46199870109558105,X
5,1,0,8.933013200759888,
5,2,0,2.959033250808716,
5,3,0,1.877047061920166,
5,4,0,4.351032733917236,
5,5,0,2.2760000228881836,
5,6,0,0.9789996147155762,
5,7,0,0.48200058937072754,X
5,1,0,8.924087285995483,
5,2,0,4.828550815582275,
5,3,0,2.7350003719329834,
5,4,0,3.1270463466644287,
5,5,0,1.9699997901916504,
5,6,0,0.7610125541687012,
5,7,0,0.4100000858306885,
5,8,0,0.2540121078491211,
5,9,0,0.10500049591064453,X
5,1,0,8.933120489120483,
5,2,0,2.839012861251831,
5,3,0,1.563000202178955,
5,4,0,2.2020604610443115,
5,5,0,1.323035717010498,
5,6,0,0.5429995059967041,
5,7,0,0.2655203342437744,X
5,1,0,8.9314546585083,
5,2,0,2.900001287460327,
5,3,0,1.4840121269226074,
5,4,0,2.7940239906311035,
5,5,0,1.560011625289917,
5,6,0,0.8330011367797852,X
5,1,0,8.902040243148804,
5,2,0,2.9410016536712646,
5,3,0,1.8910117149353027,
5,4,0,3.372023820877075,
5,5,0,2.005997896194458,
5,6,0,1.3340015411376953,
5,7,0,0.28299975395202637,
5,8,0,0.2470111846923828,
5,9,0,0.11100053787231445,X
5,1,0,8.866047382354736,
5,2,0,3.6520094871520996,
5,3,0,1.690999984741211,
5,4,0,1.7309999465942383,
5,5,0,0.9010002613067627,
5,6,0,0.7410016059875488,X
5,1,0,8.930529117584229,
5,2,0,4.905022144317627,
5,3,0,1.709045171737671,
5,4,0,2.406517505645752,
5,5,0,1.2000105381011963,
5,6,0,0.8850007057189941,
5,7,0,0.33499979972839355,
5,8,0,0.19501137733459473,X
5,1,0,8.871094226837158,
5,2,0,4.90902304649353,
5,3,0,1.7515146732330322,
5,4,0,1.1629986763000488,
5,5,0,1.6070008277893066,
5,6,0,0.7440106868743896,
5,7,0,0.5920000076293945,
5,8,0,0.3250000476837158,
5,9,0,0.13900113105773926,
5,10,0,0.04599881172180176,
5,11,0,0.015000104904174805,X
5,1,0,8.851523399353027,
5,2,0,3.078000545501709,
5,3,0,1.6959996223449707,
5,4,0,1.9580001831054688,
5,5,0,0.8940000534057617,
5,6,0,0.48399972915649414,X
5,1,0,8.889001607894897,
5,2,0,2.9325931072235107,
5,3,0,1.8280110359191895,
5,4,0,4.330998659133911,
5,5,0,2.2819998264312744,
5,6,0,0.8280014991760254,
5,7,0,0.41299867630004883,X
5,1,0,8.860046148300171,
5,2,0,3.0630249977111816,
5,3,0,1.9099979400634766,
5,4,0,3.5780224800109863,
5,5,0,2.1540136337280273,
5,6,0,0.6740224361419678,
5,7,0,0.417999267578125,
5,8,0,0.21299982070922852,
5,9,0,0.08799982070922852,X
5,1,0,8.918576002120972,
5,2,0,2.962021827697754,
5,3,0,1.7489984035491943,
5,4,0,1.86151123046875,
5,5,0,1.0840022563934326,
5,6,0,0.9540104866027832,
5,7,0,0.4500000476837158,
5,8,0,0.23600077629089355,
5,9,0,0.10399985313415527,X
5,1,0,8.869549751281738,
5,2,0,4.9650232791900635,
5,3,0,1.6100001335144043,
5,4,0,4.136012315750122,
5,5,0,1.7940008640289307,
5,6,0,0.5920000076293945,
5,7,0,0.30099940299987793,
5,8,0,0.2499997615814209,
5,9,0,0.11899876594543457,
5,10,0,0.04900002479553223,X
5,1,0,8.98861575126648,
5,2,0,4.972519636154175,
5,3,0,2.75,
5,4,0,3.40354061126709,
5,5,0,2.4550116062164307,
5,6,0,1.10801100730896,
5,7,0,0.43401241302490234,
5,8,0,0.20200014114379883,X
5,1,0,8.904052019119263,
5,2,0,3.50700044631958,
5,3,0,1.9240126609802246,
5,4,0,4.16689133644104,
5,5,0,1.6669998168945312,
5,6,0,0.7870001792907715,
5,7,0,0.3149998188018799,
5,8,0,0.17499995231628418,X
5,1,0,8.884024858474731,
5,2,0,3.0645298957824707,
5,3,0,1.8119986057281494,
5,4,0,2.928999662399292,
5,5,0,1.5515105724334717,
5,6,0,0.6980001926422119,
5,7,0,0.36500024795532227,X
5,1,0,8.97499966621399,
5,2,0,5.02902364730835,
5,3,0,1.5390002727508545,
5,4,0,3.3810243606567383,
5,5,0,1.4690003395080566,
5,6,0,0.943000078201294,
5,7,0,0.7059998512268066,
5,8,0,0.2720003128051758,
5,9,0,0.10699963569641113,
5,10,0,0.06300020217895508,X
5,1,0,8.792047500610352,
5,2,0,6.611073970794678,
5,3,0,1.552011251449585,
5,4,0,3.8875300884246826,
5,5,0,2.0240001678466797,
5,6,0,0.8349995613098145,X
5,1,0,8.763042449951172,
5,2,0,3.6110780239105225,
5,3,0,2.456061363220215,
5,4,0,3.0110111236572266,
5,5,0,1.160010814666748,
5,6,0,0.5260000228881836,X
5,1,0,8.727582931518555,
5,2,0,4.7300355434417725,
5,3,0,2.6950104236602783,
5,4,0,2.7130229473114014,
5,5,0,1.8930082321166992,
5,6,0,0.860001802444458,
5,7,0,0.4460000991821289,
5,8,0,0.15600037574768066,
5,9,0,0.12000012397766113,X
5,1,0,8.76651668548584,
5,2,0,4.848552227020264,
5,3,0,2.465517520904541,
5,4,0,2.3640103340148926,
5,5,0,2.003000020980835,
5,6,0,0.7540113925933838,
5,7,0,0.6209995746612549,
5,8,0,0.2960014343261719,
5,9,0,0.11599922180175781,
5,10,0,0.04400038719177246,
5,11,0,0.013999700546264648,X
5,1,0,8.742031574249268,
5,2,0,2.6459999084472656,
5,3,0,1.623000144958496,
5,4,0,2.841510772705078,
5,5,0,2.4265124797821045,
5,6,0,0.7979996204376221,
5,7,0,0.34800004959106445,
5,8,0,0.1770000457763672,
5,9,0,0.10500001907348633,
5,10,0,0.04400014877319336,
5,11,0,0.011999845504760742,X
5,1,0,8.799605131149292,
5,2,0,3.070000410079956,
5,3,0,1.5935192108154297,
5,4,0,2.907021999359131,
5,5,0,2.2960221767425537,
5,6,0,0.6500322818756104,
5,7,0,0.4460105895996094,X
5,1,0,8.744008779525757,
5,2,0,2.994000196456909,
5,3,0,1.6389997005462646,
5,4,0,4.018000364303589,
5,5,0,1.003999948501587,
5,6,0,0.4070003032684326,
5,7,0,0.41300010681152344,X
5,1,0,8.759013891220093,
5,2,0,4.873926639556885,
5,3,0,2.592710256576538,
5,4,0,2.9390339851379395,
5,5,0,1.3650107383728027,
5,6,0,0.5290005207061768,X
5,1,0,8.701032876968384,
5,2,0,3.420011043548584,
5,3,0,1.3400115966796875,
5,4,0,1.0040109157562256,
5,5,0,2.512012243270874,
5,6,0,1.0550003051757812,
5,7,0,0.41299939155578613,
5,8,0,0.2259993553161621,X
5,1,0,8.681031703948975,
5,2,0,2.980010986328125,
5,3,0,1.8950114250183105,
5,4,0,2.8014543056488037,
5,5,0,1.3280339241027832,
5,6,0,0.4830005168914795,
5,7,0,0.5870323181152344,
5,8,0,0.24200057983398438,X
5,1,0,8.757067203521729,
5,2,0,4.825012445449829,
5,3,0,2.5320327281951904,
5,4,0,3.478999376296997,
5,5,0,1.326530933380127,
5,6,0,1.7159991264343262,
5,7,0,0.9149999618530273,
5,8,0,0.4440121650695801,
5,9,0,0.1809983253479004,
5,1,0,8.69230604171753,
5,2,0,2.9870223999023438,
5,3,0,1.7759995460510254,
5,4,0,3.717998504638672,
5,5,0,1.2979998588562012,
5,6,0,0.7405102252960205,
5,7,0,0.40000057220458984,
5,8,0,0.17099952697753906,X
5,1,0,8.704582691192627,
5,2,0,2.953021287918091,
5,3,0,1.638012170791626,
5,4,0,4.015010595321655,
5,5,0,1.2360117435455322,
5,6,0,0.49899983406066895,
5,7,0,0.354999303817749,X
5,1,0,8.688299417495728,
5,2,0,2.7649996280670166,
5,3,0,1.6090123653411865,
5,4,0,3.4549992084503174,
5,5,0,1.9270117282867432,
5,6,0,1.0200107097625732,
5,7,0,0.3919992446899414,
5,8,0,0.1830000877380371,X
5,1,1,6.918118715286255,
5,2,1,2.5510096549987793,
5,3,1,1.7009997367858887,
5,4,1,0.9900002479553223,
5,5,1,0.7220220565795898,
5,6,1,0.4609999656677246,O
5,1,1,7.0440003871917725,
5,2,1,2.7750015258789062,
5,3,1,3.3250203132629395,
5,4,1,1.2090001106262207,
5,5,1,1.4530112743377686,
5,6,1,0.6859996318817139,
5,7,1,0.33100032806396484,
5,8,1,0.15600037574768066,O
5,1,1,7.176539897918701,
5,2,1,4.06102180480957,
5,3,1,1.936011791229248,
5,4,1,1.8890111446380615,
5,5,1,1.3060107231140137,
5,6,1,0.5660116672515869,
5,7,1,0.18800091743469238,
5,8,1,0.13299989700317383,O
5,1,1,6.970043420791626,
5,2,1,2.5750434398651123,
5,3,1,1.7310004234313965,
5,4,1,0.8170106410980225,
5,5,1,1.2840120792388916,
5,6,1,0.45600128173828125,O
5,1,1,7.274054765701294,
5,2,1,2.226999282836914,
5,3,1,1.8969998359680176,
5,4,1,0.9740002155303955,
5,5,1,1.4020006656646729,
5,6,1,0.7259972095489502,
5,7,1,0.2530019283294678,
5,8,1,0.16499972343444824,
5,9,1,0.06500029563903809,
5,10,1,0.023000478744506836,O
5,1,1,6.703088760375977,
5,2,1,2.164031505584717,
5,3,1,1.4830000400543213,
5,4,1,1.0659995079040527,
5,5,1,0.501011848449707,
5,6,1,0.32899904251098633,O
5,1,1,7.116533517837524,
5,2,1,3.3610002994537354,
5,3,1,1.5239999294281006,
5,4,1,2.617532730102539,
5,5,1,1.0250122547149658,
5,6,1,0.5700113773345947,O
5,1,1,7.069999694824219,
5,2,1,3.052020788192749,
5,3,1,1.838517665863037,
5,4,1,2.9190104007720947,
5,5,1,1.1535530090332031,
5,6,1,0.6880004405975342,
5,7,1,0.2810099124908447,O
5,1,1,7.489810228347778,
5,2,1,2.881011962890625,
5,3,1,1.5819997787475586,
5,4,1,2.7270243167877197,
5,5,1,0.8970117568969727,
5,6,1,0.43799781799316406,
5,7,1,0.18799996376037598,
5,8,1,0.14701247215270996,O
5,1,1,7.072020769119263,
5,2,1,2.216000556945801,
5,3,1,1.4190106391906738,
5,4,1,1.7700109481811523,
5,5,1,0.9940001964569092,
5,6,1,0.44501209259033203,
5,7,1,0.26200032234191895,
5,8,1,0.10599899291992188,O
5,1,1,6.665078163146973,
5,2,1,4.074519157409668,
5,3,1,1.3470113277435303,
5,4,1,2.7970104217529297,
5,5,1,0.9969990253448486,
5,6,1,0.34600090980529785,
5,7,1,0.27699923515319824,
5,8,1,0.16000008583068848,
5,9,1,0.06799983978271484,O
5,1,1,7.037055730819702,
5,2,1,4.111035585403442,
5,3,1,1.904010534286499,
5,4,1,2.9040002822875977,
5,5,1,1.5300002098083496,
5,6,1,0.7090334892272949,
5,7,1,0.24399948120117188,
5,8,1,0.18500065803527832,O
5,1,1,7.092041969299316,
5,2,1,2.5600082874298096,
5,3,1,1.5460002422332764,
5,4,1,1.0479998588562012,
5,5,1,1.1299998760223389,
5,6,1,0.5399999618530273,O
5,1,1,7.435065269470215,
5,2,1,1.8708164691925049,
5,3,1,1.823998212814331,
5,4,1,2.44551157951355,
5,5,1,1.2650001049041748,
5,6,1,0.5939998626708984,
5,7,1,0.3659999370574951,
5,8,1,0.17600011825561523,
5,9,1,0.06800007820129395,
5,10,1,0.024000167846679688,
5,11,1,0.004999876022338867,
5,12,1,0.0,O
5,1,1,7.163043737411499,
5,2,1,3.4455103874206543,
5,3,1,2.0119998455047607,
5,4,1,3.398024320602417,
5,5,1,1.8179993629455566,
5,6,1,0.5929999351501465,
5,7,1,0.5419998168945312,
5,8,1,0.08899974822998047,
5,9,1,0.0670011043548584,
5,10,1,0.023999691009521484,O
5,1,1,7.091507911682129,
5,2,1,5.421000003814697,
5,3,1,2.184000015258789,
5,4,1,1.0980000495910645,
5,5,1,1.2840001583099365,
5,6,1,0.7019996643066406,
5,7,1,0.495999813079834,O
5,1,1,8.981517314910889,
5,2,1,2.3570010662078857,
5,3,1,1.6929988861083984,
5,4,1,1.6705291271209717,
5,5,1,1.7900218963623047,
5,6,1,0.7040109634399414,
5,7,1,0.24399924278259277,
5,8,1,0.1490004062652588,
5,9,1,0.03899955749511719,
5,10,1,0.02299976348876953,
5,11,1,0.004999876022338867,O
5,1,1,7.111509323120117,
5,2,1,2.4619998931884766,
5,3,1,1.4639999866485596,
5,4,1,1.580000400543213,
5,5,1,0.7499997615814209,
5,6,1,0.3990001678466797,O
5,1,1,8.400618314743042,
5,2,1,2.8830113410949707,
5,3,1,2.1050002574920654,
5,4,1,3.025010824203491,
5,5,1,1.6560215950012207,
5,6,1,0.8105175495147705,
5,7,1,0.24899935722351074,O
5,1,1,6.937034606933594,
5,2,1,7.679089069366455,
5,3,1,2.506999969482422,
5,4,1,1.3055272102355957,
5,5,1,1.235011100769043,
5,6,1,0.9270102977752686,
5,7,1,0.3750004768371582,
5,8,1,0.16499972343444824,
5,9,1,0.07000064849853516,O
5,1,1,7.16552734375,
5,2,1,2.173022747039795,
5,3,1,1.486999273300171,
5,4,1,3.030010938644409,
5,5,1,0.9640004634857178,
5,6,1,0.42799949645996094,O
5,1,1,6.983054876327515,
5,2,1,4.4150331020355225,
5,3,1,1.4910101890563965,
5,4,1,3.1510493755340576,
5,5,1,1.23301100730896,
5,6,1,0.7290005683898926,
5,7,1,0.35899925231933594,O
5,1,1,7.072020530700684,
5,2,1,4.018060207366943,
5,3,1,1.9250211715698242,
5,4,1,1.1677846908569336,
5,5,1,0.6430308818817139,
5,6,1,0.6079998016357422,
5,7,1,0.32399916648864746,
5,8,1,0.1640009880065918,O
5,1,1,6.969030380249023,
5,2,1,1.9090015888214111,
5,3,1,1.7799983024597168,
5,4,1,1.250000238418579,
5,5,1,1.0490000247955322,
5,6,1,0.3880000114440918,
5,7,1,0.3530001640319824,O
5,1,1,7.350023031234741,
5,2,1,3.291033983230591,
5,3,1,1.5730342864990234,
5,4,1,1.7785289287567139,
5,5,1,0.9629988670349121,
5,6,1,0.9015164375305176,
5,7,1,0.3560006618499756,O
5,1,1,7.16103458404541,
5,2,1,2.893022298812866,
5,3,1,1.5310001373291016,
5,4,1,1.8520233631134033,
5,5,1,1.13899827003479,
5,6,1,0.8815178871154785,
5,7,1,0.32400012016296387,
5,8,1,0.15700078010559082,
5,9,1,0.06399941444396973,O
5,1,1,6.663997650146484,
5,2,1,2.247000217437744,
5,3,1,1.4900000095367432,
5,4,1,1.0240001678466797,
5,5,1,1.048999547958374,
5,6,1,0.7030003070831299,
5,7,1,0.30299997329711914,
5,8,1,0.14400029182434082,O
5,1,1,8.413545608520508,
5,2,1,4.03252100944519,
5,3,1,1.4319992065429688,
5,4,1,3.4819998741149902,
5,5,1,1.6070001125335693,
5,6,1,0.708000898361206,O
5,1,1,6.722529888153076,
5,2,1,3.522021770477295,
5,3,1,1.8240118026733398,
5,4,1,0.9545166492462158,
5,5,1,1.0075178146362305,
5,6,1,0.3540010452270508,O
5,1,1,7.038551092147827,
5,2,1,2.736510992050171,
5,3,1,2.675999641418457,
5,4,1,1.1710014343261719,
5,5,1,0.6860105991363525,
5,6,1,0.49700093269348145,
5,7,1,0.2259993553161621,O
5,1,1,6.936055660247803,
5,2,1,4.402021884918213,
5,3,1,1.5920329093933105,
5,4,1,3.0865275859832764,
5,5,1,1.107011079788208,
5,6,1,0.4779977798461914,O
5,1,1,6.803013563156128,
5,2,1,2.356527090072632,
5,3,1,1.6960008144378662,
5,4,1,1.3515164852142334,
5,5,1,0.705000638961792,
5,6,1,0.7128798961639404,O
5,1,1,6.987069368362427,
5,2,1,2.141010284423828,
5,3,1,3.2100107669830322,
5,4,1,1.3300116062164307,
5,5,1,0.6240003108978271,
5,6,1,0.4240133762359619,
5,7,1,0.28600001335144043,O
5,1,1,7.034382104873657,
5,2,1,2.184011697769165,
5,3,1,1.866011619567871,
5,4,1,1.1340100765228271,
5,5,1,0.7479403018951416,
5,6,1,0.3380105495452881,
5,7,1,0.2350008487701416,
5,8,1,0.11899995803833008,O
5,1,1,6.548032760620117,
5,2,1,3.571021556854248,
5,3,1,2.4130096435546875,
5,4,1,1.1129999160766602,
5,5,1,0.6150000095367432,
5,6,1,0.46200013160705566,
5,7,1,0.2609996795654297,O
5,1,1,6.618588209152222,
5,2,1,2.5233266353607178,
5,3,1,1.4199998378753662,
5,4,1,1.809032678604126,
5,5,1,1.0970098972320557,
5,6,1,0.7110004425048828,
5,7,1,0.5179998874664307,
5,8,1,0.18101096153259277,
5,9,1,0.07500004768371582,
5,10,1,0.02400040626525879,
5,11,1,0.004999876022338867,
5,12,1,0.0009996891021728516,
5,13,1,0.0,O
5,1,1,7.052045822143555,
5,2,1,3.1990115642547607,
5,3,1,2.021010160446167,
5,4,1,3.1470437049865723,
5,5,1,1.2520005702972412,
5,6,1,0.7440099716186523,
5,7,1,0.35000038146972656,
5,8,1,0.17000031471252441,
5,9,1,0.0710000991821289,
5,10,1,0.02500009536743164,
5,11,1,0.004998922348022461,O
5,1,1,6.267539024353027,
5,2,1,2.4360110759735107,
5,3,1,1.0279996395111084,
5,4,1,1.0010716915130615,
5,5,1,1.1920006275177002,
5,6,1,0.4850003719329834,
5,7,1,0.47499942779541016,
5,8,1,0.13299989700317383,O
5,1,1,6.834607124328613,
5,2,1,1.937791347503662,
5,3,1,1.3889994621276855,
5,4,1,3.534071445465088,
5,5,1,1.251035213470459,
5,6,1,0.4399998188018799,
5,7,1,0.30500054359436035,O
5,1,1,8.901595830917358,
5,2,1,1.469010353088379,
5,3,1,1.542011022567749,
5,4,1,3.4640417098999023,
5,5,1,1.064000129699707,
5,6,1,0.5545103549957275,O
5,1,1,7.2090232372283936,
5,2,1,1.998999834060669,
5,3,1,2.4210002422332764,
5,4,1,1.0270001888275146,
5,5,1,0.6979997158050537,
5,6,1,0.7569997310638428,
5,7,1,0.34200024604797363,
5,8,1,0.1960000991821289,
5,9,1,0.0709998607635498,
5,10,1,0.024000167846679688,O
5,1,1,6.629999876022339,
5,2,1,2.212510585784912,
5,3,1,1.4160001277923584,
5,4,1,2.947511911392212,
5,5,1,1.0870001316070557,
5,6,1,0.4890000820159912,O
5,1,1,7.226510763168335,
5,2,1,3.359999656677246,
5,3,1,1.5320000648498535,
5,4,1,3.209003210067749,
5,5,1,0.9855153560638428,
5,6,1,0.41601061820983887,O
5,1,1,6.902997970581055,
5,2,1,4.708000421524048,
5,3,1,2.9689998626708984,
5,4,1,3.1499998569488525,
5,5,1,0.8710000514984131,
5,6,1,0.4289999008178711,O
5,1,1,7.109000205993652,
5,2,1,3.7380003929138184,
5,3,1,2.3329994678497314,
5,4,1,3.302000045776367,
5,5,1,1.3750014305114746,
5,6,1,1.0490000247955322,
5,7,1,0.5560107231140137,
5,8,1,0.1789999008178711,
5,9,1,0.05799984931945801,O
5,1,1,8.888423681259155,
5,2,1,3.4720544815063477,
5,3,1,1.424010992050171,
5,4,1,1.275000810623169,
5,5,1,1.8200209140777588,
5,6,1,0.9910008907318115,
5,7,1,0.32399892807006836,
5,8,1,0.1940007209777832,
5,9,1,0.05899930000305176,O
5,1,1,7.090576887130737,
5,2,1,2.442997932434082,
5,3,1,1.6310007572174072,
5,4,1,3.684030294418335,
5,5,1,1.8919999599456787,
5,6,1,0.6429991722106934,O
5,1,1,7.365595579147339,
5,2,1,2.6320369243621826,
5,3,1,1.5320005416870117,
5,4,1,2.4110116958618164,
5,5,1,1.5480000972747803,
5,6,1,0.6440005302429199,
5,7,1,0.3079996109008789,
5,8,1,0.1419997215270996,O
5,1,1,8.310054779052734,
5,2,1,2.0130343437194824,
5,3,1,1.9880139827728271,
5,4,1,1.0319995880126953,
5,5,1,1.1510004997253418,
5,6,1,0.6380119323730469,
5,7,1,0.32599878311157227,O
5,1,1,6.980576038360596,
5,2,1,2.709043264389038,
5,3,1,1.503009557723999,
5,4,1,1.0840201377868652,
5,5,1,0.5300002098083496,
5,6,1,0.4679996967315674,
5,7,1,0.20200014114379883,O
5,1,1,8.884532928466797,
5,2,1,2.139000177383423,
5,3,1,1.852001428604126,
5,4,1,1.0050008296966553,
5,5,1,0.5719976425170898,
5,6,1,0.3690001964569092,
5,7,1,0.17499971389770508,
5,8,1,0.10300040245056152,O
5,1,1,7.023999929428101,
5,2,1,2.3329997062683105,
5,3,1,1.5330002307891846,
5,4,1,1.7340002059936523,
5,5,1,1.0360021591186523,
5,6,1,0.6289999485015869,O
5,1,1,8.926055908203125,
5,2,1,2.213021993637085,
5,3,1,1.7380008697509766,
5,4,1,3.030010223388672,
5,5,1,0.7609999179840088,
5,6,1,0.5460004806518555,
5,7,1,0.2519996166229248,O
5,1,1,7.081036567687988,
5,2,1,2.9860117435455322,
5,3,1,1.5880098342895508,
5,4,1,2.567011833190918,
5,5,1,0.7349996566772461,
5,6,1,0.44299983978271484,
5,7,1,0.2580113410949707,O
5,1,1,6.965579271316528,
5,2,1,2.571021318435669,
5,3,1,2.7170000076293945,
5,4,1,1.6090223789215088,
5,5,1,0.6520001888275146,
5,6,1,0.6009998321533203,
5,7,1,0.2849998474121094,
5,8,1,0.23399996757507324,O
5,1,1,7.4635536670684814,
5,2,1,3.518010139465332,
5,3,1,2.0150229930877686,
5,4,1,1.1160004138946533,
5,5,1,0.6770107746124268,
5,6,1,1.205000400543213,
5,7,1,0.4799997806549072,
5,8,1,0.13400006294250488,
5,9,1,0.07199931144714355,
5,10,1,0.026000261306762695,
5,11,1,0.004999876022338867,O
5,1,1,6.976009130477905,
5,2,1,2.881000280380249,
5,3,1,1.6969997882843018,
5,4,1,3.0749998092651367,
5,5,1,1.5190000534057617,
5,6,1,0.8530001640319824,
5,7,1,0.45399999618530273,
5,8,1,0.29200005531311035,
5,9,1,0.07899975776672363,O
5,1,1,7.1610236167907715,
5,2,1,3.00300931930542,
5,3,1,2.388000011444092,
5,4,1,0.9779999256134033,
5,5,1,1.2329998016357422,
5,6,1,0.6070001125335693,
5,7,1,0.2980003356933594,
5,8,1,0.14099979400634766,O
5,1,1,6.564046859741211,
5,2,1,3.0985119342803955,
5,3,1,1.7540113925933838,
5,4,1,2.154228687286377,
5,5,1,1.130000114440918,
5,6,1,0.7420001029968262,
5,7,1,0.24201035499572754,
5,8,1,0.09999966621398926,O
5,1,1,6.71504545211792,
5,2,1,2.5070109367370605,
5,3,1,1.8290338516235352,
5,4,1,0.7410004138946533,
5,5,1,0.9819998741149902,
5,6,1,0.5410001277923584,
5,7,1,0.26800036430358887,
5,8,1,0.11799907684326172,O
5,1,1,7.140592098236084,
5,2,1,2.7250254154205322,
5,3,1,1.5210115909576416,
5,4,1,3.061046838760376,
5,5,1,1.4330003261566162,
5,6,1,0.41499996185302734,
5,7,1,0.30500006675720215,
5,8,1,0.20200037956237793,O
5,1,1,6.917074203491211,
5,2,1,4.2570109367370605,
5,3,1,1.4630324840545654,
5,4,1,3.304044723510742,
5,5,1,1.5890002250671387,
5,6,1,1.052011251449585,
5,7,1,0.3410007953643799,
5,8,1,0.12299919128417969,
5,9,1,0.06500029563903809,
5,10,1,0.02900075912475586,
5,11,1,0.005999088287353516,
5,12,1,0.0,O
5,1,1,7.056000471115112,
5,2,1,4.70684814453125,
5,3,1,2.3480119705200195,
5,4,1,1.0759990215301514,
5,5,1,1.0070316791534424,
5,6,1,0.5999999046325684,
5,7,1,0.35001111030578613,
5,8,1,0.18900060653686523,
5,9,1,0.048000335693359375,O
5,1,1,6.95599889755249,
5,2,1,2.616011619567871,
5,3,1,2.84001088142395,
5,4,1,1.0360116958618164,
5,5,1,0.613999605178833,
5,6,1,0.43900060653686523,
5,7,1,0.25999999046325684,O
5,1,1,7.1750102043151855,
5,2,1,4.332998037338257,
5,3,1,2.0809998512268066,
5,4,1,1.4980223178863525,
5,5,1,0.8620002269744873,
5,6,1,0.5930001735687256,
5,7,1,0.40599989891052246,
5,8,1,0.22699999809265137,O
5,1,1,7.0840232372283936,
5,2,1,2.736011505126953,
5,3,1,1.541046380996704,
5,4,1,3.6600236892700195,
5,5,1,1.741011619567871,
5,6,1,0.7699997425079346,
5,7,1,0.48200106620788574,O
5,1,1,7.1100685596466064,
5,2,1,3.1970221996307373,
5,3,1,1.495999813079834,
5,4,1,2.6540110111236572,
5,5,1,1.1810119152069092,
5,6,1,0.5619990825653076,O
5,1,1,7.042565822601318,
5,2,1,2.5620107650756836,
5,3,1,3.501737356185913,
5,4,1,1.1410014629364014,
5,5,1,0.86899733543396,
5,6,1,0.3990001678466797,
5,7,1,0.2889993190765381,O
5,1,1,7.447098731994629,
5,2,1,2.701000452041626,
5,3,1,2.0595293045043945,
5,4,1,1.0570011138916016,
5,5,1,0.9179990291595459,
5,6,1,0.43401098251342773,
5,7,1,0.5060024261474609,
5,8,1,0.22899746894836426,
5,9,1,0.06999993324279785,O
5,1,1,6.643524885177612,
5,2,1,1.7699999809265137,
5,3,1,1.7340209484100342,
5,4,1,0.9819998741149902,
5,5,1,1.3750112056732178,
5,6,1,0.7710103988647461,
5,7,1,0.6110000610351562,
5,8,1,0.26000022888183594,
5,9,1,0.09000015258789062,
5,10,1,0.02700018882751465,
5,11,1,0.0060002803802490234,O
5,1,1,6.9520485401153564,
5,2,1,2.5980212688446045,
5,3,1,1.5170001983642578,
5,4,1,0.995999813079834,
5,5,1,0.932999849319458,
5,6,1,0.809999942779541,
5,7,1,0.29200005531311035,O
5,1,1,7.130079746246338,
5,2,1,2.3540117740631104,
5,3,1,1.4590108394622803,
5,4,1,3.5380449295043945,
5,5,1,1.39500093460083,
5,6,1,0.606999397277832,O
5,1,1,7.516079425811768,
5,2,1,2.5965282917022705,
5,3,1,1.5225179195404053,
5,4,1,2.421999216079712,
5,5,1,0.69100022315979,
5,6,1,0.5050008296966553,
5,7,1,0.286998987197876,O
5,1,1,7.158998250961304,
5,2,1,3.2745108604431152,
5,3,1,2.0190229415893555,
5,4,1,2.7659997940063477,
5,5,1,0.6150002479553223,
5,6,1,1.2149996757507324,
5,7,1,0.627000093460083,
5,8,1,0.2969996929168701,
5,9,1,0,
5,1,1,6.5980000495910645,
5,2,1,3.3585214614868164,
5,3,1,1.641010046005249,
5,4,1,3.4145212173461914,
5,5,1,1.0699999332427979,
5,6,1,0.8819999694824219,
5,7,1,0.6510105133056641,O
5,1,1,7.1709980964660645,
5,2,1,4.323000192642212,
5,3,1,1.9280014038085938,
5,4,1,3.067021369934082,
5,5,1,0.6929998397827148,
5,6,1,0.45501041412353516,O
5,1,1,6.9370105266571045,
5,2,1,1.880021333694458,
5,3,1,1.7890000343322754,
5,4,1,2.147031784057617,
5,5,1,1.1550004482269287,
5,6,1,0.5569989681243896,O
5,1,1,7.422076940536499,
5,2,1,3.5130057334899902,
5,3,1,1.2629992961883545,
5,4,1,1.2680118083953857,
5,5,1,0.5869991779327393,
5,6,1,0.701000452041626,
5,7,1,0.2629990577697754,O
5,1,1,6.6280457973480225,
5,2,1,2.3200111389160156,
5,3,1,1.7850441932678223,
5,4,1,1.2340104579925537,
5,5,1,0.7570004463195801,
5,6,1,0.39799952507019043,
5,7,1,0.22900080680847168,
5,8,1,0.12299919128417969,O
5,1,1,7.082022428512573,
5,2,1,2.952021837234497,
5,3,1,1.7240209579467773,
5,4,1,0.9389979839324951,
5,5,1,0.6840217113494873,
5,6,1,0.7149994373321533,
5,7,1,0.3120002746582031,O
5,1,1,6.698959827423096,
5,2,1,2.398036003112793,
5,3,1,1.3480000495910645,
5,4,1,2.206064462661743,
5,5,1,0.9985172748565674,
5,6,1,0.6040008068084717,
5,7,1,0.2629995346069336,O
5,1,1,7.050311803817749,
5,2,1,2.177032947540283,
5,3,1,3.2470221519470215,
5,4,1,1.4199998378753662,
5,5,1,0.5970120429992676,
5,6,1,0.36499953269958496,
5,7,1,0.21300053596496582,O
5,1,1,7.110595226287842,
5,2,1,3.3210113048553467,
5,3,1,1.8831877708435059,
5,4,1,1.0379998683929443,
5,5,1,1.4060101509094238,
5,6,1,0.47701144218444824,
5,7,1,0.270000696182251,O
5,1,1,7.3095502853393555,
5,2,1,4.171022653579712,
5,3,1,1.6120340824127197,
5,4,1,1.7560222148895264,
5,5,1,1.1059999465942383,
5,6,1,0.46399998664855957,O
5,1,1,6.862276077270508,
5,2,1,3.5399999618530273,
5,3,1,1.356999158859253,
5,4,1,2.768012285232544,
5,5,1,1.298034429550171,
5,6,1,0.5400347709655762,
5,7,1,0.44499993324279785,
5,8,1,0.16000008583068848,O
5,1,1,7.09210729598999,
5,2,1,2.9699995517730713,
5,3,1,2.184000015258789,
5,4,1,3.3299996852874756,
5,5,1,1.257997989654541,
5,6,1,1.182999849319458,
5,7,1,0.6519999504089355,
5,8,1,0,
5,1,1,6.806047439575195,
5,2,1,2.9010109901428223,
5,3,1,1.4549996852874756,
5,4,1,1.772010087966919,
5,5,1,1.0875177383422852,
5,6,1,0.4230225086212158,O
5,1,1,7.254843711853027,
5,2,1,1.9930005073547363,
5,3,1,1.5025525093078613,
5,4,1,0.9260101318359375,
5,5,1,1.4240107536315918,
5,6,1,0.5720109939575195,O
5,1,1,7.028022766113281,
5,2,1,4.034032106399536,
5,3,1,1.5310115814208984,
5,4,1,1.2920117378234863,
5,5,1,1.1810102462768555,
5,6,1,0.48600053787231445,
5,7,1,0.23199939727783203,O
5,1,1,6.917032957077026,
5,2,1,2.3670101165771484,
5,3,1,1.3895113468170166,
5,4,1,3.097999095916748,
5,5,1,1.5290002822875977,
5,6,1,0.5089998245239258,O
5,1,1,7.469023704528809,
5,2,1,1.497516393661499,
5,3,1,2.084054708480835,
5,4,1,1.002000331878662,
5,5,1,0.9059996604919434,
5,6,1,0.564000129699707,O
5,1,1,8.357033252716064,
5,2,1,2.849057674407959,
5,3,1,1.8420114517211914,
5,4,1,0.9559991359710693,
5,5,1,1.2730000019073486,
5,6,1,1.0645287036895752,
5,7,1,0.30899977684020996,
5,8,1,0.1699998378753662,
5,9,1,0.07400012016296387,
5,10,1,0.0260007381439209,
5,11,1,0.005000114440917969,
5,12,1,0.0,O
5,1,1,7.274022340774536,
5,2,1,3.575023651123047,
5,3,1,1.7300119400024414,
5,4,1,1.3589990139007568,
5,5,1,1.090998649597168,
5,6,1,0.9029996395111084,
5,7,1,0.2110002040863037,O
5,1,1,7.5240797996521,
5,2,1,3.7050328254699707,
5,3,1,1.7760000228881836,
5,4,1,0.9130005836486816,
5,5,1,1.1739976406097412,
5,6,1,0.3959999084472656,
5,7,1,0.43200063705444336,
5,8,1,0.178999662399292,O
5,1,1,8.995078325271606,
5,2,1,2.380999803543091,
5,3,1,2.008000612258911,
5,4,1,3.629011392593384,
5,5,1,1.3970332145690918,
5,6,1,1.0765316486358643,
5,7,1,0.3599998950958252,
5,8,1,0.15400004386901855,
5,9,1,0.07899975776672363,O
5,1,1,7.25003457069397,
5,2,1,5.390565633773804,
5,3,1,1.639000654220581,
5,4,1,2.2730343341827393,
5,5,1,1.1990115642547607,
5,6,1,0.44499945640563965,O
5,1,1,7.104509592056274,
5,2,1,4.1519999504089355,
5,3,1,1.498000144958496,
5,4,1,2.927999973297119,
5,5,1,1.1800000667572021,
5,6,1,0.6110310554504395,
5,7,1,0.3789999485015869,
5,8,1,0.12200021743774414,O
5,1,1,8.355510234832764,
5,2,1,2.019023895263672,
5,3,1,1.5210206508636475,
5,4,1,0.8950233459472656,
5,5,1,1.0470001697540283,
5,6,1,0.93399977684021,
5,7,1,0.43600010871887207,
5,8,1,0.10400056838989258,O
5,1,1,7.075038433074951,
5,2,1,3.8410208225250244,
5,3,1,2.2300002574920654,
5,4,1,1.2909998893737793,
5,5,1,1.0169999599456787,
5,6,1,0.881000280380249,
5,7,1,0.2839996814727783,
5,8,1,0.15599989891052246,
5,9,1,0.07000041007995605,
5,10,1,0.023999929428100586,
5,11,1,0.004999876022338867,
5,12,1,0.0010001659393310547,O
5,1,1,7.527510404586792,
5,2,1,1.7260003089904785,
5,3,1,1.3329999446868896,
5,4,1,3.153022527694702,
5,5,1,1.1550002098083496,
5,6,1,0.5910000801086426,
5,7,1,0.2519996166229248,
5,8,1,0.15700054168701172,O
